{"2015":[[0.08528434688636705,0.009348959724674906],[0.6113024217629928,0.7853955007867311],[0.26337337704191965,0.2817659273239928],[592.4268300011754,18805.737677000463],[0.39422673365090943,0.703159710674892]],"2020":[[0.011801902222358869,0.19010269404437485],[0.31478785970531736,0.1723002536257516],[0.0027078470778910155,0.01469891385282909],[0.2852155841701128,0.3953275731707318],[0.3463886821378338,0.32950407810413895],[0.12817051752305653,0.14065040610599097],[0.5676501440185826,0.3663177868975907],[0.09746239701130856,0.14051300317094237],[0.09407355835595181,0.04719735963321258],[0.01368602125489422,0.02315841507521621]]}