{"2015":[[0.08528434688636705,0.009348959724674906],[0.6113024217629928,0.7853955007867311],[0.26337337704191965,0.2817659273239928],[592.4268300011754,18805.737677000463],[0.39422673365090943,0.703159710674892]],"2020":[[0.01204684308736208,0.19424459313921033],[0.3110081430379746,0.1740553172389127],[0.0027634015461669038,0.014630851163761645],[0.8122431833060555,0.9648663883495145],[0.341121245844875,0.334826519400953],[0.1279241623257037,0.14415234189548284],[1.0418486352201262,0.8735190210896315],[0.09776260012135916,0.14422951805802228],[0.09324620080784773,0.04672191258567602],[0.013891277642099598,0.023556163953864392]]}