{"2015":[[0.08528434688636705,0.009348959724674906],[0.6113024217629928,0.7853955007867311],[0.26337337704191965,0.2817659273239928],[592.4268300011754,18805.737677000463],[0.3809616504136334,0.7020472258036802]],"2020":[[0.026295551506290867,0.2079643459460096],[0.3711000252238721,0.21326062174748256],[0.013485839361398804,0.023194835598484155],[0.8147989837179743,0.9713688174787077],[0.3521396774693694,0.3255084085877483],[0.1377868729662258,0.14096684634794743],[1.0310876907300703,0.8091861003328681],[0.15957645309498222,0.20826129362713244],[0.12715214543554154,0.09005197028646421],[0.020583476371009306,0.02980865529991879]]}