{"2015":[[0.08520792858461967,0.009250079624046914],[0.6258724580736871,0.8054559211008214],[0.2612995052264464,0.27849532182604275]],"2020":[[0.026295551506290867,0.2079643459460096],[0.3711000252238721,0.21326062174748256],[0.013485839361398804,0.023194835598484155],[0.8102722491912279,0.9277025250396613],[0.3521396774693694,0.3255084085877483],[0.1377868729662258,0.14096684634794743],[1.0310876907300703,0.8091861003328681],[0.15957645309498222,0.20826129362713244],[0.12715214543554154,0.09005197028646421],[0.020583476371009306,0.02980865529991879]]}